{"cameraMode":{"drawMode":0,"name":"Shaded","section":"Shading Mode"},"sceneLighting":true,"audioPlay":false,"sceneViewState":{"m_AlwaysRefresh":false,"showFog":true,"showSkybox":true,"showFlares":true,"showImageEffects":true,"showParticleSystems":true,"showVisualEffectGraphs":true,"m_FxEnabled":true},"in2DMode":false,"pivot":{"x":-1.9130393266677857,"y":-7.8009138107299809,"z":7.297828197479248},"rotation":{"x":0.5183889865875244,"y":0.03700298070907593,"z":-0.022457366809248925,"w":0.8541172742843628},"size":13.235267639160157,"orthographic":false}